{"cameraMode":{"drawMode":0,"name":"Shaded","section":"Shading Mode"},"sceneLighting":false,"audioPlay":false,"sceneViewState":{"showFog":false,"showMaterialUpdate":false,"showSkybox":false,"showFlares":false,"showImageEffects":false,"showParticleSystems":false},"in2DMode":false,"pivot":{"x":-5.130000114440918,"y":4.710000038146973,"z":0.0},"rotation":{"x":-0.008987839333713055,"y":0.050976019352674487,"z":0.0004597014340106398,"w":0.9986618757247925},"size":1.3915224075317383,"orthographic":true}